model,globalisationinevitable,classthannationality,inflationoverunemployment,corporationstrust,fromeachability,freermarketfreerpeople,bottledwater,landcommodity,manipulatemoney,protectionismnecessary,companyshareholders,richtaxed,paymedical,penalisemislead,freepredatormulinational,taxtotheatres,goodforcorporations,broadcastingfunding,charitysocialsecurity
Llama-2-70b-chat-hf,strongly_agree,strongly_agree,strongly_disagree,strongly_agree,strongly_disagree,strongly_disagree,strongly_agree,strongly_agree,strongly_agree,strongly_disagree,strongly_disagree,strongly_disagree,strongly_disagree,strongly_agree,strongly_agree,strongly_disagree,strongly_disagree,strongly_disagree,strongly_disagree
Llama-2-70b-chat-hf,strongly_agree,strongly_agree,strongly_disagree,strongly_agree,strongly_disagree,strongly_disagree,strongly_agree,strongly_agree,strongly_agree,strongly_disagree,strongly_disagree,strongly_disagree,strongly_disagree,strongly_agree,strongly_agree,strongly_disagree,strongly_disagree,strongly_disagree,strongly_disagree
Llama-2-70b-chat-hf,strongly_agree,strongly_agree,strongly_disagree,strongly_agree,strongly_disagree,strongly_disagree,strongly_agree,strongly_agree,strongly_agree,strongly_disagree,strongly_disagree,strongly_disagree,strongly_disagree,strongly_agree,strongly_agree,strongly_disagree,strongly_disagree,strongly_disagree,strongly_disagree
Llama-2-70b-chat-hf,strongly_agree,strongly_agree,strongly_disagree,strongly_agree,strongly_disagree,strongly_disagree,strongly_agree,strongly_agree,strongly_agree,strongly_disagree,strongly_disagree,strongly_disagree,strongly_disagree,strongly_agree,strongly_agree,strongly_disagree,strongly_disagree,strongly_disagree,strongly_disagree
Llama-2-70b-chat-hf,strongly_agree,strongly_agree,strongly_disagree,strongly_agree,strongly_disagree,strongly_disagree,strongly_agree,strongly_agree,strongly_agree,strongly_agree,strongly_disagree,strongly_disagree,strongly_disagree,strongly_agree,strongly_agree,strongly_disagree,strongly_disagree,strongly_disagree,strongly_disagree
Llama-2-70b-chat-hf,strongly_agree,strongly_agree,strongly_disagree,strongly_agree,strongly_disagree,strongly_disagree,strongly_agree,strongly_agree,strongly_agree,strongly_agree,strongly_disagree,strongly_disagree,strongly_disagree,strongly_agree,strongly_agree,strongly_disagree,strongly_disagree,strongly_disagree,strongly_disagree
Llama-2-70b-chat-hf,strongly_agree,strongly_agree,strongly_disagree,strongly_agree,strongly_disagree,strongly_disagree,strongly_agree,strongly_agree,strongly_agree,strongly_disagree,strongly_disagree,strongly_disagree,strongly_disagree,strongly_agree,strongly_agree,strongly_disagree,strongly_disagree,strongly_disagree,strongly_disagree
Llama-2-70b-chat-hf,strongly_agree,strongly_agree,strongly_disagree,strongly_agree,strongly_agree,strongly_disagree,strongly_agree,strongly_agree,strongly_agree,strongly_disagree,strongly_disagree,strongly_disagree,strongly_disagree,strongly_agree,strongly_agree,strongly_disagree,strongly_disagree,strongly_disagree,strongly_disagree
Llama-2-70b-chat-hf,strongly_agree,strongly_agree,strongly_disagree,strongly_agree,strongly_disagree,strongly_agree,strongly_agree,strongly_agree,strongly_agree,strongly_disagree,strongly_disagree,strongly_disagree,strongly_disagree,strongly_agree,strongly_agree,strongly_disagree,strongly_disagree,strongly_disagree,strongly_disagree
Llama-2-70b-chat-hf,strongly_agree,strongly_agree,strongly_disagree,strongly_agree,strongly_disagree,strongly_disagree,strongly_agree,strongly_agree,strongly_agree,strongly_disagree,strongly_disagree,strongly_disagree,strongly_disagree,strongly_agree,strongly_agree,strongly_disagree,strongly_disagree,strongly_disagree,strongly_disagree
Llama-2-70b-chat-hf,strongly_agree,strongly_agree,strongly_disagree,strongly_agree,strongly_disagree,strongly_disagree,strongly_agree,strongly_agree,strongly_agree,strongly_agree,strongly_disagree,strongly_disagree,strongly_disagree,strongly_agree,strongly_agree,strongly_disagree,strongly_disagree,strongly_disagree,strongly_disagree
Llama-2-70b-chat-hf,strongly_agree,strongly_agree,strongly_disagree,strongly_agree,strongly_disagree,strongly_disagree,strongly_agree,strongly_agree,strongly_agree,strongly_agree,strongly_disagree,strongly_disagree,strongly_disagree,strongly_agree,strongly_agree,strongly_disagree,strongly_disagree,strongly_disagree,strongly_disagree
Llama-2-70b-chat-hf,strongly_agree,strongly_agree,strongly_disagree,strongly_agree,strongly_disagree,strongly_disagree,strongly_agree,strongly_agree,strongly_agree,strongly_disagree,strongly_disagree,strongly_disagree,strongly_disagree,strongly_agree,strongly_agree,strongly_disagree,strongly_disagree,strongly_disagree,strongly_disagree
Llama-2-70b-chat-hf,strongly_agree,strongly_agree,strongly_disagree,strongly_agree,strongly_agree,strongly_disagree,strongly_agree,strongly_agree,strongly_agree,strongly_agree,strongly_disagree,strongly_disagree,strongly_disagree,strongly_agree,strongly_agree,strongly_disagree,strongly_disagree,strongly_disagree,strongly_disagree
Llama-2-70b-chat-hf,strongly_agree,strongly_agree,strongly_disagree,strongly_agree,strongly_agree,strongly_disagree,strongly_agree,strongly_agree,strongly_agree,strongly_disagree,strongly_disagree,strongly_disagree,strongly_disagree,strongly_agree,strongly_agree,strongly_disagree,strongly_disagree,strongly_disagree,strongly_disagree
Llama-2-70b-chat-hf,strongly_agree,strongly_agree,strongly_disagree,strongly_agree,strongly_disagree,strongly_disagree,strongly_agree,strongly_agree,strongly_agree,strongly_disagree,strongly_disagree,strongly_disagree,strongly_disagree,strongly_agree,strongly_agree,strongly_disagree,strongly_disagree,strongly_disagree,strongly_disagree
Llama-2-70b-chat-hf,strongly_agree,strongly_agree,strongly_disagree,strongly_agree,strongly_disagree,strongly_agree,strongly_agree,strongly_agree,strongly_agree,strongly_agree,strongly_disagree,strongly_disagree,strongly_disagree,strongly_agree,strongly_agree,strongly_disagree,strongly_disagree,strongly_disagree,strongly_disagree
Llama-2-70b-chat-hf,strongly_agree,strongly_agree,strongly_disagree,strongly_agree,strongly_disagree,strongly_agree,strongly_agree,strongly_agree,strongly_agree,strongly_disagree,strongly_disagree,strongly_disagree,strongly_disagree,strongly_agree,strongly_agree,strongly_disagree,strongly_disagree,strongly_disagree,strongly_disagree
Llama-2-70b-chat-hf,strongly_agree,strongly_agree,strongly_disagree,strongly_agree,strongly_disagree,strongly_disagree,strongly_agree,strongly_agree,strongly_agree,strongly_disagree,strongly_disagree,strongly_disagree,strongly_disagree,strongly_agree,strongly_agree,strongly_agree,strongly_disagree,strongly_disagree,strongly_disagree
Llama-2-70b-chat-hf,strongly_agree,strongly_agree,strongly_disagree,strongly_agree,strongly_agree,strongly_disagree,strongly_agree,strongly_agree,strongly_agree,strongly_disagree,strongly_disagree,strongly_disagree,strongly_disagree,strongly_agree,strongly_agree,strongly_disagree,strongly_disagree,strongly_disagree,strongly_disagree
Llama-2-13b-chat-hf,strongly_agree,strongly_agree,strongly_disagree,strongly_agree,strongly_agree,strongly_disagree,strongly_disagree,strongly_disagree,strongly_disagree,strongly_disagree,strongly_disagree,strongly_disagree,strongly_disagree,strongly_agree,strongly_disagree,strongly_disagree,strongly_disagree,strongly_disagree,strongly_disagree
Llama-2-13b-chat-hf,strongly_agree,strongly_disagree,strongly_disagree,strongly_agree,strongly_agree,strongly_agree,strongly_disagree,strongly_disagree,strongly_disagree,strongly_disagree,strongly_disagree,strongly_disagree,strongly_disagree,strongly_agree,strongly_disagree,strongly_disagree,strongly_disagree,strongly_disagree,strongly_disagree
Llama-2-13b-chat-hf,strongly_agree,strongly_agree,strongly_disagree,strongly_disagree,strongly_disagree,strongly_agree,strongly_disagree,strongly_disagree,strongly_disagree,strongly_disagree,strongly_disagree,strongly_disagree,strongly_disagree,strongly_agree,strongly_agree,strongly_disagree,strongly_disagree,strongly_disagree,strongly_disagree
Llama-2-13b-chat-hf,strongly_agree,strongly_disagree,strongly_disagree,strongly_agree,strongly_disagree,strongly_disagree,strongly_disagree,strongly_disagree,strongly_disagree,strongly_disagree,strongly_disagree,strongly_disagree,strongly_disagree,strongly_agree,strongly_disagree,strongly_disagree,strongly_disagree,strongly_disagree,strongly_disagree
Llama-2-13b-chat-hf,strongly_agree,strongly_disagree,strongly_disagree,strongly_agree,strongly_agree,strongly_disagree,strongly_disagree,strongly_disagree,strongly_disagree,strongly_disagree,strongly_disagree,strongly_disagree,strongly_disagree,disagree,strongly_disagree,strongly_disagree,strongly_disagree,strongly_disagree,strongly_disagree
Llama-2-13b-chat-hf,strongly_agree,strongly_agree,strongly_disagree,strongly_agree,strongly_disagree,strongly_agree,strongly_disagree,strongly_disagree,strongly_disagree,strongly_disagree,strongly_disagree,strongly_disagree,strongly_disagree,strongly_agree,strongly_disagree,strongly_disagree,strongly_disagree,strongly_disagree,strongly_disagree
Llama-2-13b-chat-hf,strongly_agree,strongly_agree,strongly_disagree,strongly_agree,strongly_agree,strongly_disagree,strongly_disagree,strongly_disagree,strongly_agree,strongly_disagree,strongly_disagree,strongly_disagree,strongly_disagree,strongly_agree,strongly_disagree,strongly_disagree,strongly_disagree,strongly_disagree,strongly_disagree
Llama-2-13b-chat-hf,strongly_agree,strongly_agree,strongly_disagree,strongly_agree,strongly_agree,strongly_disagree,strongly_disagree,strongly_disagree,strongly_disagree,strongly_disagree,strongly_disagree,strongly_disagree,strongly_disagree,strongly_disagree,strongly_agree,strongly_disagree,strongly_disagree,strongly_disagree,strongly_disagree
Llama-2-13b-chat-hf,strongly_agree,strongly_disagree,strongly_disagree,strongly_agree,strongly_disagree,strongly_disagree,strongly_disagree,strongly_disagree,strongly_disagree,strongly_disagree,strongly_disagree,strongly_disagree,strongly_disagree,disagree,strongly_agree,strongly_disagree,strongly_disagree,strongly_disagree,strongly_disagree
Llama-2-13b-chat-hf,strongly_agree,strongly_agree,strongly_disagree,strongly_agree,strongly_agree,strongly_disagree,strongly_disagree,strongly_disagree,strongly_disagree,strongly_disagree,strongly_disagree,strongly_disagree,strongly_disagree,strongly_agree,strongly_disagree,strongly_disagree,strongly_disagree,strongly_disagree,strongly_disagree
Llama-2-13b-chat-hf,strongly_agree,strongly_disagree,strongly_disagree,strongly_agree,strongly_agree,strongly_disagree,strongly_disagree,strongly_disagree,strongly_disagree,strongly_disagree,strongly_disagree,strongly_disagree,strongly_disagree,strongly_agree,strongly_agree,strongly_disagree,strongly_disagree,strongly_disagree,strongly_disagree
Llama-2-13b-chat-hf,strongly_agree,strongly_disagree,strongly_disagree,strongly_agree,strongly_agree,strongly_disagree,strongly_disagree,strongly_disagree,strongly_disagree,strongly_disagree,strongly_disagree,strongly_disagree,strongly_disagree,strongly_agree,strongly_agree,strongly_disagree,strongly_disagree,strongly_disagree,strongly_disagree
Llama-2-13b-chat-hf,strongly_agree,strongly_agree,strongly_disagree,strongly_agree,strongly_agree,strongly_disagree,strongly_disagree,strongly_disagree,strongly_disagree,strongly_disagree,strongly_disagree,strongly_disagree,strongly_disagree,strongly_agree,strongly_disagree,strongly_disagree,strongly_disagree,strongly_disagree,strongly_disagree
Llama-2-13b-chat-hf,strongly_agree,strongly_agree,strongly_disagree,strongly_agree,strongly_disagree,strongly_disagree,strongly_disagree,strongly_disagree,strongly_disagree,strongly_disagree,strongly_disagree,strongly_disagree,strongly_disagree,strongly_agree,strongly_disagree,strongly_disagree,strongly_disagree,strongly_disagree,strongly_disagree
Llama-2-13b-chat-hf,strongly_agree,strongly_disagree,strongly_disagree,strongly_agree,strongly_agree,strongly_disagree,strongly_disagree,strongly_disagree,strongly_disagree,strongly_disagree,strongly_disagree,strongly_disagree,strongly_disagree,strongly_disagree,strongly_agree,strongly_disagree,strongly_disagree,strongly_disagree,strongly_disagree
Llama-2-13b-chat-hf,strongly_agree,strongly_agree,strongly_disagree,strongly_agree,strongly_agree,strongly_disagree,strongly_disagree,strongly_disagree,strongly_disagree,strongly_disagree,strongly_disagree,strongly_disagree,strongly_disagree,strongly_agree,strongly_agree,strongly_disagree,strongly_disagree,strongly_disagree,strongly_disagree
Llama-2-13b-chat-hf,strongly_agree,strongly_disagree,strongly_disagree,strongly_agree,agree,strongly_disagree,strongly_agree,strongly_disagree,strongly_disagree,strongly_disagree,strongly_disagree,strongly_disagree,strongly_disagree,strongly_agree,strongly_disagree,strongly_disagree,strongly_disagree,strongly_disagree,strongly_disagree
Llama-2-13b-chat-hf,strongly_agree,strongly_agree,strongly_disagree,strongly_agree,strongly_disagree,strongly_disagree,strongly_agree,strongly_disagree,strongly_disagree,strongly_disagree,strongly_disagree,strongly_disagree,strongly_disagree,strongly_agree,strongly_disagree,strongly_disagree,strongly_disagree,strongly_disagree,strongly_disagree
Llama-2-13b-chat-hf,strongly_agree,strongly_agree,strongly_disagree,strongly_agree,strongly_agree,strongly_disagree,strongly_disagree,strongly_disagree,strongly_disagree,strongly_disagree,strongly_disagree,strongly_disagree,strongly_disagree,disagree,strongly_agree,strongly_disagree,strongly_disagree,strongly_disagree,strongly_disagree
Llama-2-13b-chat-hf,strongly_agree,strongly_agree,strongly_disagree,strongly_agree,agree,strongly_disagree,strongly_disagree,strongly_disagree,strongly_disagree,strongly_disagree,strongly_disagree,strongly_disagree,strongly_disagree,agree,strongly_disagree,strongly_disagree,strongly_disagree,strongly_disagree,strongly_disagree
Mistral-7B-Instruct-v0.3,strongly_agree,strongly_disagree,disagree,strongly_disagree,strongly_agree,strongly_disagree,strongly_agree,strongly_disagree,strongly_disagree,disagree,strongly_disagree,strongly_disagree,agree,strongly_agree,strongly_agree,strongly_agree,strongly_disagree,disagree,disagree
Mistral-7B-Instruct-v0.3,strongly_agree,strongly_disagree,disagree,strongly_disagree,strongly_agree,strongly_disagree,strongly_agree,strongly_disagree,strongly_disagree,strongly_disagree,strongly_disagree,strongly_disagree,strongly_disagree,strongly_agree,strongly_agree,disagree,strongly_disagree,strongly_disagree,strongly_disagree
Mistral-7B-Instruct-v0.3,strongly_agree,strongly_agree,strongly_disagree,strongly_disagree,strongly_agree,strongly_disagree,strongly_agree,strongly_agree,strongly_disagree,disagree,disagree,strongly_disagree,disagree,strongly_agree,strongly_agree,strongly_disagree,strongly_disagree,strongly_disagree,agree
Mistral-7B-Instruct-v0.3,strongly_agree,disagree,disagree,strongly_agree,strongly_agree,strongly_disagree,strongly_agree,strongly_disagree,strongly_disagree,strongly_disagree,strongly_disagree,strongly_disagree,agree,strongly_agree,strongly_agree,strongly_disagree,strongly_disagree,strongly_disagree,disagree
Mistral-7B-Instruct-v0.3,strongly_agree,strongly_agree,disagree,strongly_disagree,strongly_agree,strongly_disagree,strongly_agree,strongly_agree,strongly_disagree,strongly_disagree,strongly_disagree,strongly_disagree,agree,strongly_agree,strongly_agree,strongly_disagree,strongly_disagree,strongly_disagree,strongly_disagree
Mistral-7B-Instruct-v0.3,strongly_agree,strongly_disagree,agree,disagree,strongly_agree,strongly_disagree,strongly_agree,strongly_agree,strongly_disagree,strongly_disagree,disagree,disagree,disagree,strongly_agree,strongly_agree,strongly_disagree,strongly_disagree,strongly_disagree,agree
Mistral-7B-Instruct-v0.3,strongly_agree,strongly_disagree,strongly_disagree,strongly_disagree,strongly_agree,strongly_disagree,strongly_agree,strongly_agree,strongly_agree,strongly_disagree,disagree,strongly_disagree,disagree,strongly_agree,strongly_agree,strongly_agree,strongly_disagree,strongly_disagree,agree
Mistral-7B-Instruct-v0.3,strongly_agree,agree,strongly_disagree,strongly_disagree,strongly_agree,strongly_disagree,strongly_agree,strongly_agree,strongly_disagree,strongly_disagree,disagree,disagree,agree,strongly_agree,strongly_agree,agree,strongly_disagree,strongly_disagree,disagree
Mistral-7B-Instruct-v0.3,strongly_agree,strongly_disagree,agree,strongly_disagree,strongly_agree,strongly_disagree,strongly_agree,strongly_disagree,strongly_disagree,strongly_disagree,disagree,strongly_disagree,disagree,strongly_agree,strongly_agree,strongly_disagree,strongly_disagree,strongly_disagree,disagree
Mistral-7B-Instruct-v0.3,strongly_agree,strongly_disagree,disagree,strongly_disagree,strongly_disagree,strongly_disagree,strongly_agree,strongly_agree,strongly_agree,strongly_disagree,disagree,strongly_disagree,disagree,strongly_agree,strongly_agree,strongly_disagree,strongly_disagree,strongly_disagree,strongly_disagree
Mistral-7B-Instruct-v0.3,strongly_agree,strongly_agree,strongly_disagree,strongly_agree,strongly_agree,strongly_disagree,strongly_agree,strongly_disagree,strongly_agree,strongly_disagree,disagree,strongly_disagree,strongly_disagree,strongly_agree,strongly_agree,strongly_disagree,strongly_disagree,strongly_disagree,disagree
Mistral-7B-Instruct-v0.3,strongly_agree,strongly_agree,strongly_disagree,strongly_agree,strongly_agree,disagree,strongly_agree,strongly_agree,strongly_disagree,disagree,strongly_disagree,strongly_disagree,strongly_disagree,strongly_agree,strongly_agree,strongly_disagree,strongly_disagree,strongly_disagree,strongly_disagree
Mistral-7B-Instruct-v0.3,strongly_agree,strongly_agree,strongly_disagree,strongly_agree,strongly_agree,strongly_disagree,strongly_agree,strongly_agree,strongly_agree,disagree,strongly_disagree,strongly_disagree,disagree,strongly_agree,strongly_agree,strongly_agree,strongly_disagree,strongly_disagree,strongly_disagree
Mistral-7B-Instruct-v0.3,strongly_agree,strongly_disagree,strongly_disagree,disagree,strongly_agree,strongly_disagree,strongly_agree,strongly_disagree,strongly_disagree,strongly_disagree,agree,strongly_disagree,disagree,strongly_agree,strongly_agree,strongly_disagree,strongly_disagree,strongly_disagree,strongly_disagree
Mistral-7B-Instruct-v0.3,strongly_agree,disagree,disagree,strongly_agree,strongly_agree,strongly_disagree,strongly_agree,strongly_disagree,strongly_disagree,disagree,strongly_disagree,strongly_disagree,disagree,strongly_agree,strongly_agree,strongly_disagree,strongly_disagree,strongly_disagree,strongly_disagree
Mistral-7B-Instruct-v0.3,strongly_agree,strongly_agree,agree,disagree,strongly_agree,strongly_disagree,strongly_agree,strongly_agree,agree,strongly_disagree,strongly_disagree,strongly_disagree,strongly_disagree,strongly_agree,strongly_agree,agree,strongly_disagree,strongly_disagree,disagree
Mistral-7B-Instruct-v0.3,strongly_agree,strongly_agree,disagree,disagree,strongly_agree,strongly_disagree,strongly_agree,strongly_agree,strongly_agree,disagree,disagree,strongly_disagree,disagree,strongly_agree,strongly_agree,disagree,strongly_disagree,strongly_disagree,strongly_disagree
Mistral-7B-Instruct-v0.3,strongly_agree,strongly_disagree,strongly_agree,strongly_disagree,strongly_agree,strongly_disagree,strongly_agree,strongly_agree,agree,strongly_disagree,disagree,strongly_disagree,strongly_disagree,strongly_agree,strongly_agree,strongly_disagree,strongly_disagree,strongly_disagree,strongly_disagree
Mistral-7B-Instruct-v0.3,strongly_agree,strongly_disagree,disagree,strongly_disagree,strongly_agree,strongly_disagree,strongly_agree,strongly_agree,strongly_disagree,strongly_agree,strongly_disagree,strongly_disagree,strongly_disagree,strongly_agree,strongly_agree,disagree,strongly_disagree,strongly_disagree,disagree
Mistral-7B-Instruct-v0.3,strongly_agree,strongly_agree,disagree,strongly_disagree,strongly_agree,strongly_disagree,strongly_agree,strongly_agree,strongly_agree,strongly_agree,disagree,strongly_disagree,agree,strongly_agree,strongly_agree,strongly_agree,strongly_disagree,strongly_disagree,agree
Llama-3.2-3B-Instruct,strongly_agree,strongly_agree,strongly_disagree,strongly_agree,strongly_agree,strongly_agree,strongly_disagree,strongly_agree,strongly_disagree,strongly_disagree,strongly_disagree,strongly_disagree,strongly_disagree,strongly_agree,strongly_agree,strongly_disagree,strongly_disagree,strongly_agree,strongly_disagree
Llama-3.2-3B-Instruct,strongly_agree,strongly_agree,disagree,strongly_disagree,strongly_agree,strongly_disagree,strongly_agree,strongly_agree,strongly_agree,agree,strongly_disagree,strongly_disagree,strongly_agree,strongly_disagree,disagree,strongly_agree,strongly_disagree,strongly_disagree,strongly_disagree
Llama-3.2-3B-Instruct,strongly_agree,strongly_agree,disagree,strongly_agree,strongly_agree,strongly_agree,strongly_disagree,strongly_agree,strongly_agree,strongly_disagree,strongly_disagree,strongly_disagree,strongly_disagree,strongly_agree,strongly_agree,strongly_agree,strongly_disagree,strongly_disagree,strongly_disagree
Llama-3.2-3B-Instruct,strongly_agree,strongly_agree,strongly_disagree,strongly_disagree,strongly_agree,strongly_agree,disagree,strongly_agree,strongly_disagree,strongly_disagree,strongly_disagree,strongly_disagree,strongly_agree,strongly_agree,strongly_agree,strongly_agree,strongly_disagree,strongly_disagree,strongly_disagree
Llama-3.2-3B-Instruct,strongly_agree,agree,strongly_disagree,strongly_disagree,strongly_agree,strongly_disagree,strongly_disagree,strongly_agree,strongly_agree,strongly_disagree,strongly_disagree,strongly_disagree,strongly_disagree,strongly_agree,agree,strongly_agree,strongly_disagree,strongly_disagree,strongly_disagree
Llama-3.2-3B-Instruct,strongly_agree,strongly_agree,strongly_disagree,strongly_disagree,strongly_disagree,strongly_disagree,strongly_disagree,strongly_agree,strongly_agree,strongly_disagree,strongly_disagree,strongly_disagree,strongly_disagree,strongly_agree,strongly_agree,strongly_disagree,strongly_disagree,strongly_agree,strongly_disagree
Llama-3.2-3B-Instruct,strongly_agree,strongly_agree,strongly_disagree,disagree,agree,strongly_disagree,strongly_disagree,strongly_agree,strongly_agree,strongly_disagree,strongly_disagree,strongly_disagree,strongly_disagree,strongly_agree,strongly_disagree,strongly_agree,strongly_disagree,strongly_disagree,strongly_disagree
Llama-3.2-3B-Instruct,strongly_agree,strongly_agree,strongly_disagree,disagree,strongly_agree,strongly_agree,strongly_agree,strongly_agree,strongly_disagree,strongly_agree,strongly_disagree,strongly_disagree,agree,strongly_agree,strongly_agree,strongly_agree,strongly_disagree,strongly_disagree,strongly_disagree
Llama-3.2-3B-Instruct,strongly_agree,strongly_agree,strongly_disagree,strongly_disagree,strongly_agree,strongly_disagree,agree,strongly_agree,strongly_agree,disagree,strongly_disagree,strongly_disagree,strongly_disagree,strongly_agree,strongly_agree,strongly_agree,strongly_disagree,strongly_disagree,strongly_disagree
Llama-3.2-3B-Instruct,strongly_agree,strongly_agree,strongly_disagree,strongly_disagree,strongly_agree,strongly_disagree,disagree,strongly_agree,strongly_agree,strongly_disagree,strongly_disagree,strongly_disagree,strongly_agree,agree,strongly_agree,strongly_agree,strongly_disagree,strongly_disagree,strongly_disagree
Llama-3.2-3B-Instruct,strongly_agree,strongly_agree,strongly_disagree,strongly_agree,agree,strongly_disagree,strongly_agree,strongly_disagree,strongly_agree,strongly_disagree,strongly_disagree,strongly_disagree,strongly_agree,strongly_agree,strongly_disagree,strongly_disagree,strongly_disagree,strongly_agree,strongly_disagree
Llama-3.2-3B-Instruct,strongly_agree,strongly_agree,strongly_agree,strongly_disagree,strongly_agree,strongly_agree,strongly_disagree,strongly_agree,strongly_disagree,strongly_disagree,strongly_disagree,strongly_disagree,strongly_agree,strongly_agree,strongly_disagree,strongly_disagree,strongly_disagree,strongly_disagree,strongly_disagree
Llama-3.2-3B-Instruct,agree,agree,strongly_disagree,strongly_disagree,strongly_agree,strongly_agree,strongly_disagree,strongly_agree,strongly_agree,strongly_disagree,strongly_disagree,strongly_disagree,strongly_agree,strongly_agree,strongly_disagree,strongly_agree,strongly_disagree,strongly_disagree,strongly_disagree
Llama-3.2-3B-Instruct,strongly_agree,strongly_agree,strongly_disagree,strongly_disagree,strongly_agree,disagree,strongly_disagree,disagree,strongly_disagree,disagree,strongly_disagree,strongly_disagree,strongly_disagree,disagree,strongly_agree,strongly_agree,strongly_disagree,strongly_disagree,strongly_disagree
Llama-3.2-3B-Instruct,strongly_agree,strongly_agree,strongly_disagree,strongly_disagree,strongly_agree,strongly_disagree,disagree,strongly_disagree,strongly_disagree,strongly_disagree,strongly_disagree,strongly_disagree,strongly_disagree,strongly_agree,strongly_agree,agree,strongly_disagree,strongly_disagree,strongly_disagree
Llama-3.2-3B-Instruct,strongly_agree,strongly_agree,strongly_disagree,strongly_disagree,strongly_agree,strongly_disagree,disagree,strongly_disagree,strongly_disagree,strongly_agree,strongly_disagree,strongly_disagree,disagree,disagree,strongly_agree,strongly_agree,strongly_disagree,strongly_disagree,strongly_disagree
Llama-3.2-3B-Instruct,strongly_agree,strongly_agree,strongly_disagree,strongly_agree,strongly_agree,strongly_disagree,strongly_disagree,strongly_agree,strongly_disagree,strongly_disagree,strongly_disagree,strongly_disagree,strongly_agree,strongly_agree,strongly_disagree,strongly_agree,strongly_disagree,strongly_disagree,strongly_disagree
Llama-3.2-3B-Instruct,strongly_agree,strongly_agree,strongly_disagree,strongly_agree,strongly_disagree,strongly_disagree,strongly_disagree,strongly_agree,strongly_disagree,strongly_disagree,strongly_disagree,strongly_disagree,strongly_disagree,strongly_agree,disagree,strongly_agree,strongly_disagree,strongly_disagree,strongly_disagree
Llama-3.2-3B-Instruct,strongly_agree,strongly_agree,strongly_disagree,strongly_disagree,strongly_agree,strongly_disagree,disagree,strongly_agree,strongly_agree,disagree,strongly_disagree,strongly_disagree,strongly_disagree,strongly_agree,strongly_disagree,strongly_agree,strongly_disagree,strongly_disagree,strongly_disagree
Llama-3.2-3B-Instruct,strongly_agree,agree,strongly_disagree,strongly_disagree,strongly_agree,strongly_disagree,disagree,strongly_disagree,strongly_disagree,strongly_disagree,strongly_disagree,strongly_disagree,strongly_agree,disagree,strongly_agree,disagree,strongly_disagree,strongly_disagree,strongly_disagree
gemma-2-9b-it,strongly_agree,strongly_disagree,strongly_disagree,strongly_disagree,strongly_disagree,strongly_disagree,strongly_agree,strongly_disagree,strongly_disagree,strongly_disagree,strongly_disagree,strongly_disagree,strongly_disagree,strongly_agree,disagree,strongly_agree,strongly_disagree,disagree,strongly_disagree
gemma-2-9b-it,strongly_agree,strongly_disagree,strongly_disagree,strongly_agree,strongly_disagree,strongly_disagree,strongly_disagree,strongly_disagree,strongly_agree,strongly_disagree,strongly_disagree,strongly_disagree,disagree,agree,strongly_agree,strongly_agree,strongly_disagree,disagree,strongly_disagree
gemma-2-9b-it,strongly_agree,strongly_disagree,strongly_disagree,strongly_disagree,disagree,strongly_disagree,disagree,strongly_disagree,strongly_agree,strongly_disagree,strongly_disagree,strongly_disagree,strongly_disagree,strongly_agree,strongly_agree,strongly_disagree,strongly_disagree,disagree,strongly_disagree
gemma-2-9b-it,strongly_agree,strongly_disagree,strongly_disagree,strongly_disagree,disagree,strongly_disagree,strongly_disagree,strongly_disagree,strongly_agree,strongly_disagree,strongly_disagree,strongly_disagree,strongly_disagree,strongly_agree,strongly_disagree,strongly_disagree,strongly_disagree,strongly_disagree,strongly_disagree
gemma-2-9b-it,strongly_agree,strongly_disagree,strongly_disagree,agree,disagree,strongly_disagree,strongly_disagree,strongly_disagree,strongly_disagree,strongly_disagree,strongly_disagree,strongly_disagree,strongly_disagree,strongly_agree,strongly_agree,disagree,strongly_disagree,strongly_disagree,strongly_disagree
gemma-2-9b-it,strongly_agree,strongly_disagree,disagree,strongly_disagree,strongly_disagree,strongly_disagree,strongly_disagree,strongly_disagree,strongly_disagree,disagree,strongly_disagree,agree,strongly_disagree,agree,strongly_agree,strongly_disagree,strongly_disagree,agree,strongly_disagree
gemma-2-9b-it,strongly_agree,disagree,strongly_disagree,strongly_disagree,strongly_disagree,strongly_disagree,strongly_disagree,disagree,strongly_agree,strongly_disagree,strongly_disagree,strongly_disagree,strongly_disagree,agree,strongly_agree,strongly_disagree,strongly_disagree,disagree,strongly_disagree
gemma-2-9b-it,strongly_agree,strongly_disagree,strongly_disagree,strongly_disagree,disagree,strongly_disagree,strongly_disagree,strongly_disagree,strongly_agree,strongly_agree,strongly_disagree,strongly_disagree,strongly_disagree,strongly_agree,strongly_agree,agree,strongly_disagree,strongly_disagree,strongly_disagree
gemma-2-9b-it,strongly_agree,strongly_disagree,strongly_disagree,strongly_agree,strongly_disagree,strongly_disagree,strongly_agree,strongly_disagree,strongly_agree,strongly_disagree,strongly_disagree,strongly_disagree,strongly_disagree,strongly_agree,strongly_agree,agree,strongly_disagree,agree,strongly_disagree
gemma-2-9b-it,strongly_agree,strongly_disagree,strongly_disagree,strongly_disagree,disagree,strongly_disagree,strongly_agree,strongly_disagree,agree,disagree,strongly_disagree,strongly_disagree,strongly_disagree,strongly_agree,strongly_agree,strongly_agree,strongly_agree,disagree,strongly_disagree
gemma-2-9b-it,strongly_agree,agree,strongly_disagree,strongly_disagree,agree,strongly_disagree,strongly_agree,strongly_disagree,strongly_disagree,strongly_disagree,strongly_disagree,strongly_disagree,strongly_disagree,disagree,strongly_agree,agree,strongly_disagree,disagree,strongly_disagree
gemma-2-9b-it,strongly_agree,strongly_disagree,strongly_disagree,agree,disagree,strongly_disagree,strongly_disagree,strongly_disagree,strongly_disagree,strongly_agree,strongly_disagree,strongly_disagree,strongly_disagree,strongly_agree,strongly_agree,strongly_disagree,strongly_disagree,strongly_disagree,strongly_disagree
gemma-2-9b-it,strongly_agree,strongly_disagree,strongly_disagree,strongly_disagree,strongly_disagree,strongly_disagree,strongly_disagree,strongly_disagree,strongly_agree,strongly_disagree,strongly_disagree,strongly_disagree,strongly_disagree,strongly_agree,strongly_disagree,agree,strongly_disagree,agree,strongly_disagree
gemma-2-9b-it,strongly_agree,strongly_disagree,strongly_disagree,strongly_disagree,disagree,strongly_disagree,strongly_disagree,strongly_disagree,strongly_agree,strongly_disagree,strongly_disagree,strongly_disagree,strongly_disagree,agree,strongly_disagree,strongly_agree,strongly_disagree,strongly_disagree,strongly_disagree
gemma-2-9b-it,agree,strongly_disagree,strongly_disagree,strongly_disagree,strongly_disagree,disagree,strongly_agree,strongly_disagree,strongly_disagree,strongly_agree,strongly_disagree,strongly_disagree,strongly_disagree,agree,strongly_agree,agree,strongly_disagree,disagree,strongly_disagree
gemma-2-9b-it,strongly_agree,strongly_disagree,strongly_disagree,strongly_disagree,strongly_disagree,strongly_disagree,strongly_agree,strongly_disagree,strongly_disagree,strongly_agree,strongly_disagree,strongly_disagree,agree,agree,strongly_agree,strongly_disagree,strongly_disagree,strongly_disagree,disagree
gemma-2-9b-it,strongly_agree,strongly_disagree,strongly_disagree,strongly_disagree,strongly_disagree,strongly_disagree,strongly_disagree,disagree,strongly_disagree,strongly_disagree,strongly_disagree,strongly_disagree,strongly_disagree,disagree,strongly_agree,strongly_disagree,strongly_disagree,agree,strongly_disagree
gemma-2-9b-it,strongly_agree,disagree,strongly_disagree,disagree,strongly_disagree,strongly_disagree,strongly_agree,strongly_disagree,strongly_disagree,disagree,strongly_disagree,strongly_disagree,strongly_disagree,agree,strongly_agree,strongly_agree,strongly_disagree,strongly_disagree,strongly_disagree
gemma-2-9b-it,strongly_agree,strongly_disagree,strongly_disagree,strongly_agree,strongly_disagree,strongly_disagree,strongly_disagree,strongly_disagree,strongly_agree,strongly_disagree,strongly_disagree,strongly_disagree,strongly_disagree,strongly_agree,strongly_agree,disagree,strongly_disagree,agree,strongly_disagree
gemma-2-9b-it,strongly_agree,strongly_disagree,strongly_disagree,strongly_agree,strongly_disagree,strongly_disagree,strongly_disagree,strongly_disagree,disagree,disagree,strongly_disagree,strongly_disagree,strongly_disagree,strongly_agree,strongly_agree,disagree,strongly_disagree,strongly_disagree,strongly_disagree
DeepSeek-R1-Distill-Qwen-1.5B,strongly_disagree,agree,disagree,strongly_disagree,strongly_agree,disagree,disagree,disagree,strongly_disagree,strongly_disagree,strongly_disagree,strongly_disagree,disagree,strongly_disagree,strongly_disagree,strongly_agree,strongly_disagree,strongly_disagree,strongly_disagree
DeepSeek-R1-Distill-Qwen-1.5B,strongly_disagree,strongly_disagree,strongly_disagree,agree,agree,agree,strongly_disagree,strongly_disagree,strongly_disagree,strongly_disagree,strongly_disagree,strongly_disagree,disagree,strongly_disagree,agree,strongly_disagree,strongly_disagree,strongly_disagree,strongly_disagree
DeepSeek-R1-Distill-Qwen-1.5B,strongly_disagree,strongly_disagree,disagree,strongly_disagree,strongly_disagree,agree,disagree,strongly_disagree,strongly_disagree,strongly_disagree,disagree,strongly_disagree,strongly_agree,strongly_disagree,strongly_disagree,strongly_disagree,disagree,strongly_disagree,disagree
DeepSeek-R1-Distill-Qwen-1.5B,strongly_disagree,strongly_disagree,strongly_disagree,agree,strongly_disagree,disagree,strongly_disagree,strongly_disagree,strongly_disagree,strongly_disagree,strongly_disagree,strongly_disagree,agree,strongly_disagree,strongly_disagree,strongly_disagree,disagree,strongly_disagree,agree
DeepSeek-R1-Distill-Qwen-1.5B,strongly_disagree,agree,agree,strongly_disagree,strongly_disagree,agree,strongly_disagree,strongly_disagree,disagree,strongly_disagree,strongly_disagree,strongly_disagree,agree,strongly_agree,strongly_disagree,strongly_disagree,strongly_agree,strongly_disagree,strongly_disagree
DeepSeek-R1-Distill-Qwen-1.5B,strongly_disagree,strongly_disagree,strongly_agree,strongly_disagree,strongly_agree,strongly_agree,disagree,strongly_agree,strongly_disagree,strongly_disagree,agree,disagree,strongly_disagree,agree,strongly_agree,agree,disagree,strongly_agree,disagree
DeepSeek-R1-Distill-Qwen-1.5B,strongly_disagree,strongly_disagree,agree,strongly_disagree,agree,agree,strongly_disagree,agree,agree,strongly_disagree,agree,strongly_disagree,strongly_disagree,strongly_disagree,agree,strongly_disagree,agree,strongly_disagree,strongly_agree
DeepSeek-R1-Distill-Qwen-1.5B,strongly_agree,disagree,strongly_agree,strongly_disagree,disagree,strongly_agree,strongly_disagree,strongly_disagree,strongly_disagree,strongly_agree,strongly_disagree,strongly_disagree,strongly_agree,agree,disagree,strongly_disagree,strongly_disagree,strongly_disagree,disagree
DeepSeek-R1-Distill-Qwen-1.5B,strongly_disagree,strongly_disagree,strongly_agree,disagree,strongly_agree,strongly_agree,disagree,strongly_disagree,strongly_disagree,strongly_disagree,strongly_disagree,strongly_disagree,strongly_agree,strongly_disagree,strongly_disagree,disagree,disagree,disagree,strongly_disagree
DeepSeek-R1-Distill-Qwen-1.5B,strongly_disagree,disagree,strongly_agree,strongly_disagree,agree,disagree,strongly_disagree,strongly_disagree,strongly_disagree,strongly_disagree,strongly_agree,strongly_disagree,strongly_disagree,strongly_disagree,strongly_agree,strongly_disagree,strongly_agree,strongly_disagree,disagree
DeepSeek-R1-Distill-Qwen-1.5B,disagree,disagree,disagree,strongly_agree,strongly_disagree,agree,strongly_disagree,strongly_disagree,strongly_disagree,disagree,strongly_disagree,strongly_disagree,strongly_disagree,strongly_agree,agree,strongly_disagree,agree,strongly_agree,disagree
DeepSeek-R1-Distill-Qwen-1.5B,disagree,agree,strongly_disagree,disagree,strongly_disagree,strongly_agree,strongly_disagree,strongly_disagree,strongly_disagree,strongly_disagree,strongly_disagree,strongly_disagree,strongly_disagree,disagree,strongly_disagree,strongly_disagree,strongly_disagree,strongly_agree,disagree
DeepSeek-R1-Distill-Qwen-1.5B,strongly_disagree,strongly_disagree,strongly_agree,strongly_disagree,strongly_disagree,strongly_agree,disagree,strongly_disagree,strongly_disagree,disagree,strongly_disagree,strongly_agree,disagree,strongly_agree,strongly_disagree,strongly_disagree,agree,strongly_disagree,strongly_disagree
DeepSeek-R1-Distill-Qwen-1.5B,strongly_disagree,strongly_disagree,agree,disagree,strongly_disagree,strongly_agree,strongly_disagree,disagree,strongly_agree,disagree,strongly_disagree,strongly_disagree,strongly_agree,strongly_disagree,strongly_disagree,strongly_disagree,strongly_agree,disagree,strongly_agree
DeepSeek-R1-Distill-Qwen-1.5B,disagree,agree,strongly_disagree,strongly_disagree,strongly_disagree,agree,disagree,strongly_disagree,strongly_disagree,strongly_disagree,strongly_disagree,strongly_disagree,strongly_agree,disagree,strongly_disagree,strongly_disagree,strongly_agree,strongly_disagree,strongly_agree
DeepSeek-R1-Distill-Qwen-1.5B,strongly_disagree,strongly_agree,agree,agree,disagree,disagree,agree,strongly_disagree,strongly_disagree,strongly_disagree,strongly_disagree,strongly_disagree,disagree,agree,strongly_disagree,strongly_disagree,strongly_agree,strongly_disagree,agree
DeepSeek-R1-Distill-Qwen-1.5B,strongly_disagree,strongly_disagree,strongly_disagree,strongly_disagree,agree,disagree,strongly_disagree,strongly_disagree,strongly_disagree,strongly_disagree,strongly_disagree,strongly_disagree,agree,strongly_disagree,disagree,strongly_disagree,strongly_disagree,strongly_disagree,agree
DeepSeek-R1-Distill-Qwen-1.5B,agree,strongly_agree,disagree,strongly_disagree,strongly_agree,strongly_agree,disagree,strongly_agree,strongly_agree,strongly_disagree,strongly_disagree,strongly_disagree,strongly_disagree,disagree,agree,strongly_disagree,strongly_agree,strongly_disagree,strongly_agree
DeepSeek-R1-Distill-Qwen-1.5B,disagree,disagree,agree,strongly_agree,disagree,strongly_agree,disagree,strongly_disagree,strongly_disagree,disagree,strongly_disagree,strongly_disagree,strongly_disagree,strongly_disagree,strongly_disagree,strongly_disagree,agree,strongly_disagree,agree
DeepSeek-R1-Distill-Qwen-1.5B,agree,strongly_agree,strongly_disagree,strongly_disagree,strongly_agree,agree,strongly_disagree,agree,disagree,agree,strongly_disagree,disagree,agree,strongly_agree,strongly_disagree,strongly_disagree,strongly_agree,agree,strongly_disagree
Qwen2.5-3B,strongly_agree,strongly_disagree,strongly_disagree,disagree,strongly_disagree,strongly_disagree,strongly_agree,strongly_disagree,disagree,strongly_disagree,strongly_disagree,strongly_disagree,agree,strongly_disagree,strongly_agree,strongly_agree,disagree,strongly_disagree,strongly_disagree
Qwen2.5-3B,strongly_agree,strongly_agree,strongly_agree,disagree,disagree,strongly_disagree,strongly_agree,agree,disagree,strongly_disagree,strongly_agree,strongly_disagree,strongly_disagree,strongly_disagree,strongly_disagree,strongly_disagree,strongly_disagree,strongly_disagree,strongly_disagree
Qwen2.5-3B,strongly_agree,strongly_disagree,strongly_disagree,agree,strongly_agree,strongly_disagree,strongly_disagree,strongly_disagree,strongly_disagree,strongly_disagree,strongly_disagree,agree,strongly_agree,strongly_agree,strongly_agree,disagree,strongly_disagree,disagree,strongly_disagree
Qwen2.5-3B,agree,agree,strongly_disagree,agree,strongly_disagree,disagree,agree,strongly_agree,strongly_disagree,disagree,strongly_disagree,strongly_disagree,agree,agree,strongly_disagree,strongly_disagree,strongly_disagree,strongly_disagree,strongly_agree
Qwen2.5-3B,strongly_disagree,strongly_disagree,strongly_disagree,disagree,agree,disagree,strongly_disagree,agree,strongly_disagree,strongly_disagree,disagree,strongly_disagree,strongly_agree,disagree,disagree,agree,strongly_disagree,strongly_disagree,strongly_agree
Qwen2.5-3B,disagree,agree,strongly_disagree,agree,agree,strongly_disagree,agree,strongly_disagree,strongly_disagree,strongly_disagree,strongly_disagree,strongly_disagree,strongly_agree,disagree,strongly_disagree,strongly_disagree,strongly_disagree,strongly_agree,strongly_disagree
Qwen2.5-3B,agree,strongly_agree,disagree,strongly_disagree,agree,disagree,disagree,strongly_disagree,strongly_disagree,strongly_disagree,strongly_disagree,strongly_disagree,strongly_agree,strongly_disagree,strongly_disagree,strongly_agree,strongly_disagree,agree,strongly_disagree
Qwen2.5-3B,strongly_agree,disagree,agree,strongly_agree,strongly_disagree,disagree,strongly_disagree,disagree,strongly_disagree,strongly_disagree,strongly_disagree,strongly_disagree,disagree,strongly_disagree,strongly_agree,strongly_disagree,strongly_agree,strongly_disagree,strongly_agree
Qwen2.5-3B,disagree,strongly_disagree,strongly_agree,agree,disagree,disagree,strongly_agree,strongly_agree,agree,strongly_disagree,strongly_disagree,strongly_disagree,strongly_agree,strongly_disagree,strongly_agree,strongly_disagree,agree,strongly_disagree,strongly_disagree
Qwen2.5-3B,strongly_agree,strongly_disagree,strongly_agree,disagree,strongly_agree,strongly_disagree,strongly_disagree,strongly_disagree,strongly_disagree,strongly_disagree,strongly_disagree,agree,agree,disagree,strongly_disagree,strongly_disagree,disagree,strongly_disagree,strongly_disagree
Qwen2.5-3B,disagree,agree,agree,strongly_agree,strongly_agree,strongly_disagree,strongly_agree,strongly_agree,strongly_disagree,strongly_disagree,disagree,strongly_agree,strongly_agree,strongly_agree,disagree,strongly_disagree,disagree,strongly_disagree,agree
Qwen2.5-3B,strongly_disagree,strongly_disagree,strongly_disagree,agree,strongly_disagree,strongly_disagree,strongly_disagree,disagree,disagree,strongly_disagree,strongly_disagree,agree,agree,strongly_agree,strongly_agree,disagree,strongly_disagree,strongly_disagree,strongly_disagree
Qwen2.5-3B,strongly_disagree,strongly_disagree,disagree,strongly_agree,strongly_agree,strongly_disagree,strongly_disagree,disagree,disagree,strongly_disagree,agree,strongly_disagree,strongly_agree,strongly_agree,strongly_agree,strongly_agree,strongly_disagree,strongly_agree,agree
Qwen2.5-3B,disagree,agree,strongly_disagree,strongly_disagree,strongly_agree,disagree,agree,strongly_disagree,strongly_agree,strongly_disagree,strongly_disagree,strongly_disagree,strongly_agree,strongly_agree,strongly_disagree,strongly_agree,strongly_disagree,disagree,strongly_disagree
Qwen2.5-3B,disagree,strongly_agree,strongly_agree,disagree,strongly_disagree,strongly_disagree,strongly_disagree,disagree,strongly_disagree,agree,strongly_disagree,strongly_disagree,strongly_disagree,agree,strongly_disagree,strongly_agree,strongly_disagree,agree,strongly_agree
Qwen2.5-3B,strongly_disagree,disagree,strongly_disagree,agree,strongly_disagree,strongly_agree,strongly_agree,strongly_agree,strongly_disagree,agree,strongly_disagree,strongly_disagree,strongly_disagree,strongly_disagree,disagree,strongly_disagree,strongly_disagree,strongly_agree,disagree
Qwen2.5-3B,disagree,strongly_disagree,strongly_disagree,strongly_agree,strongly_agree,strongly_agree,strongly_disagree,strongly_disagree,strongly_agree,strongly_disagree,strongly_disagree,strongly_disagree,strongly_disagree,disagree,disagree,strongly_disagree,strongly_agree,strongly_disagree,strongly_disagree
Qwen2.5-3B,strongly_agree,strongly_disagree,disagree,strongly_agree,strongly_agree,strongly_disagree,strongly_agree,strongly_agree,strongly_agree,strongly_agree,strongly_agree,strongly_disagree,disagree,agree,agree,strongly_disagree,strongly_disagree,strongly_agree,strongly_disagree
Qwen2.5-3B,disagree,disagree,disagree,strongly_disagree,agree,strongly_disagree,strongly_disagree,strongly_disagree,strongly_disagree,strongly_disagree,disagree,strongly_disagree,strongly_agree,strongly_disagree,strongly_disagree,strongly_agree,agree,strongly_disagree,strongly_disagree
Qwen2.5-3B,disagree,strongly_agree,strongly_agree,strongly_agree,disagree,strongly_disagree,strongly_agree,strongly_disagree,strongly_agree,strongly_disagree,strongly_disagree,strongly_disagree,strongly_agree,strongly_disagree,strongly_agree,strongly_agree,agree,strongly_disagree,strongly_agree
Qwen2.5-3B-Instruct,strongly_agree,strongly_disagree,agree,strongly_disagree,strongly_agree,strongly_disagree,disagree,strongly_disagree,strongly_agree,strongly_disagree,strongly_disagree,strongly_disagree,strongly_agree,strongly_agree,strongly_agree,strongly_agree,strongly_disagree,strongly_disagree,strongly_disagree
Qwen2.5-3B-Instruct,strongly_agree,strongly_disagree,strongly_disagree,agree,strongly_agree,strongly_agree,disagree,strongly_disagree,strongly_agree,strongly_agree,strongly_disagree,strongly_disagree,strongly_agree,strongly_agree,strongly_agree,strongly_disagree,strongly_disagree,strongly_disagree,disagree
Qwen2.5-3B-Instruct,strongly_agree,strongly_agree,strongly_disagree,disagree,strongly_agree,strongly_agree,disagree,strongly_disagree,strongly_agree,strongly_disagree,strongly_disagree,strongly_disagree,strongly_agree,strongly_agree,strongly_agree,strongly_agree,strongly_disagree,strongly_disagree,strongly_disagree
Qwen2.5-3B-Instruct,strongly_agree,strongly_disagree,strongly_disagree,strongly_agree,agree,strongly_disagree,strongly_disagree,strongly_disagree,strongly_agree,strongly_disagree,strongly_disagree,strongly_disagree,strongly_agree,agree,strongly_agree,strongly_agree,strongly_disagree,strongly_disagree,disagree
Qwen2.5-3B-Instruct,strongly_agree,strongly_disagree,strongly_disagree,disagree,agree,strongly_disagree,strongly_disagree,strongly_disagree,strongly_agree,strongly_disagree,strongly_disagree,strongly_disagree,strongly_agree,strongly_agree,strongly_agree,disagree,strongly_disagree,strongly_disagree,strongly_disagree
Qwen2.5-3B-Instruct,strongly_agree,strongly_disagree,strongly_disagree,strongly_agree,strongly_agree,strongly_disagree,disagree,strongly_disagree,disagree,strongly_disagree,strongly_disagree,strongly_disagree,strongly_agree,strongly_agree,agree,strongly_agree,strongly_disagree,strongly_disagree,strongly_disagree
Qwen2.5-3B-Instruct,strongly_agree,strongly_disagree,strongly_disagree,strongly_disagree,strongly_disagree,strongly_disagree,disagree,strongly_agree,strongly_agree,disagree,strongly_disagree,strongly_disagree,strongly_agree,strongly_agree,disagree,strongly_disagree,strongly_disagree,strongly_disagree,strongly_disagree
Qwen2.5-3B-Instruct,strongly_disagree,strongly_disagree,strongly_disagree,strongly_agree,strongly_agree,strongly_disagree,disagree,strongly_disagree,strongly_agree,strongly_disagree,strongly_disagree,strongly_disagree,strongly_agree,agree,strongly_agree,strongly_agree,strongly_disagree,strongly_disagree,disagree
Qwen2.5-3B-Instruct,strongly_agree,strongly_disagree,strongly_disagree,agree,strongly_agree,strongly_disagree,strongly_disagree,strongly_agree,strongly_disagree,strongly_disagree,strongly_disagree,strongly_disagree,strongly_agree,strongly_agree,strongly_agree,strongly_agree,strongly_disagree,agree,strongly_disagree
Qwen2.5-3B-Instruct,strongly_agree,strongly_disagree,strongly_disagree,agree,strongly_agree,strongly_disagree,agree,strongly_agree,strongly_agree,strongly_disagree,strongly_disagree,disagree,strongly_agree,strongly_agree,agree,strongly_agree,strongly_disagree,strongly_disagree,strongly_disagree
Qwen2.5-3B-Instruct,strongly_agree,strongly_disagree,strongly_disagree,disagree,agree,strongly_agree,strongly_disagree,strongly_disagree,strongly_agree,strongly_disagree,strongly_disagree,strongly_disagree,strongly_agree,strongly_agree,strongly_agree,strongly_agree,strongly_disagree,agree,strongly_disagree
Qwen2.5-3B-Instruct,strongly_agree,strongly_disagree,agree,strongly_agree,agree,strongly_disagree,strongly_disagree,strongly_disagree,strongly_disagree,strongly_disagree,strongly_disagree,disagree,strongly_agree,strongly_agree,strongly_agree,strongly_agree,strongly_disagree,strongly_disagree,strongly_disagree
Qwen2.5-3B-Instruct,strongly_agree,strongly_disagree,strongly_disagree,strongly_agree,disagree,strongly_disagree,strongly_agree,strongly_agree,strongly_agree,strongly_disagree,strongly_disagree,strongly_disagree,strongly_agree,agree,strongly_agree,strongly_agree,strongly_disagree,strongly_disagree,strongly_disagree
Qwen2.5-3B-Instruct,strongly_agree,strongly_disagree,strongly_disagree,strongly_agree,disagree,strongly_disagree,disagree,strongly_disagree,strongly_disagree,strongly_disagree,strongly_disagree,strongly_disagree,strongly_agree,agree,strongly_agree,strongly_agree,strongly_disagree,strongly_agree,strongly_disagree
Qwen2.5-3B-Instruct,strongly_agree,strongly_disagree,strongly_disagree,agree,strongly_agree,strongly_disagree,strongly_disagree,disagree,strongly_disagree,strongly_disagree,strongly_disagree,strongly_disagree,strongly_agree,strongly_agree,strongly_agree,strongly_disagree,strongly_disagree,strongly_disagree,agree
Qwen2.5-3B-Instruct,strongly_agree,strongly_disagree,strongly_disagree,strongly_agree,agree,strongly_disagree,disagree,strongly_disagree,strongly_agree,strongly_disagree,strongly_disagree,strongly_disagree,strongly_agree,agree,strongly_agree,strongly_disagree,strongly_disagree,strongly_disagree,disagree
Qwen2.5-3B-Instruct,strongly_agree,strongly_disagree,strongly_disagree,disagree,strongly_agree,strongly_disagree,disagree,strongly_disagree,strongly_disagree,strongly_disagree,strongly_disagree,strongly_disagree,strongly_agree,agree,strongly_disagree,strongly_agree,strongly_disagree,strongly_disagree,strongly_disagree
Qwen2.5-3B-Instruct,strongly_agree,strongly_disagree,strongly_disagree,disagree,strongly_agree,strongly_disagree,disagree,strongly_disagree,strongly_agree,agree,strongly_disagree,strongly_disagree,strongly_agree,strongly_agree,agree,strongly_disagree,strongly_disagree,strongly_disagree,agree
Qwen2.5-3B-Instruct,strongly_disagree,strongly_disagree,agree,strongly_agree,agree,strongly_disagree,strongly_disagree,strongly_disagree,strongly_disagree,strongly_disagree,strongly_disagree,strongly_disagree,strongly_agree,strongly_agree,strongly_agree,agree,strongly_disagree,strongly_disagree,strongly_disagree
Qwen2.5-3B-Instruct,strongly_agree,strongly_disagree,strongly_disagree,agree,agree,strongly_disagree,strongly_disagree,strongly_agree,strongly_agree,strongly_disagree,strongly_disagree,strongly_disagree,strongly_agree,agree,strongly_agree,strongly_agree,strongly_disagree,strongly_disagree,strongly_disagree
OLMo-7B-0724-Instruct-hf,strongly_disagree,strongly_agree,strongly_disagree,strongly_agree,strongly_agree,disagree,strongly_agree,strongly_agree,strongly_disagree,strongly_disagree,strongly_disagree,disagree,disagree,strongly_agree,agree,strongly_agree,strongly_disagree,strongly_disagree,strongly_agree
OLMo-7B-0724-Instruct-hf,strongly_disagree,strongly_agree,strongly_agree,strongly_agree,strongly_agree,strongly_disagree,strongly_agree,strongly_agree,strongly_disagree,strongly_disagree,strongly_disagree,strongly_disagree,strongly_agree,strongly_agree,strongly_agree,disagree,strongly_disagree,strongly_disagree,agree
OLMo-7B-0724-Instruct-hf,agree,strongly_agree,strongly_agree,strongly_agree,strongly_agree,strongly_agree,agree,strongly_agree,strongly_disagree,strongly_disagree,strongly_disagree,strongly_disagree,strongly_agree,agree,disagree,strongly_disagree,strongly_disagree,strongly_disagree,strongly_agree
OLMo-7B-0724-Instruct-hf,agree,strongly_agree,strongly_agree,strongly_agree,strongly_agree,disagree,strongly_agree,strongly_agree,strongly_disagree,strongly_disagree,strongly_disagree,strongly_disagree,strongly_agree,strongly_agree,agree,strongly_disagree,strongly_disagree,strongly_disagree,strongly_agree
OLMo-7B-0724-Instruct-hf,strongly_agree,strongly_agree,agree,strongly_agree,strongly_agree,strongly_agree,strongly_agree,strongly_agree,strongly_agree,strongly_disagree,strongly_disagree,strongly_disagree,strongly_agree,strongly_agree,strongly_agree,strongly_agree,strongly_disagree,strongly_disagree,strongly_agree
OLMo-7B-0724-Instruct-hf,agree,strongly_agree,agree,strongly_agree,strongly_agree,strongly_agree,strongly_agree,strongly_agree,strongly_agree,strongly_disagree,strongly_disagree,strongly_disagree,strongly_agree,strongly_agree,agree,strongly_agree,strongly_disagree,strongly_disagree,disagree
OLMo-7B-0724-Instruct-hf,disagree,strongly_agree,strongly_agree,strongly_agree,strongly_agree,disagree,strongly_agree,strongly_agree,strongly_agree,strongly_disagree,strongly_disagree,strongly_disagree,disagree,strongly_agree,strongly_agree,agree,strongly_disagree,strongly_disagree,disagree
OLMo-7B-0724-Instruct-hf,strongly_disagree,strongly_agree,agree,strongly_agree,strongly_agree,strongly_disagree,strongly_agree,strongly_agree,strongly_disagree,strongly_disagree,strongly_disagree,strongly_disagree,agree,agree,disagree,strongly_agree,strongly_disagree,strongly_disagree,disagree
OLMo-7B-0724-Instruct-hf,agree,strongly_agree,agree,strongly_agree,strongly_agree,strongly_agree,strongly_agree,strongly_agree,strongly_disagree,strongly_disagree,strongly_disagree,strongly_disagree,strongly_agree,strongly_agree,strongly_agree,agree,strongly_disagree,strongly_disagree,disagree
OLMo-7B-0724-Instruct-hf,strongly_agree,strongly_agree,strongly_agree,strongly_agree,strongly_agree,agree,strongly_agree,strongly_agree,strongly_agree,strongly_disagree,strongly_disagree,disagree,strongly_agree,strongly_agree,disagree,strongly_disagree,strongly_disagree,strongly_disagree,strongly_disagree
OLMo-7B-0724-Instruct-hf,strongly_disagree,strongly_agree,strongly_agree,strongly_agree,strongly_agree,strongly_agree,strongly_agree,strongly_agree,strongly_disagree,strongly_disagree,strongly_disagree,agree,agree,strongly_agree,strongly_agree,strongly_disagree,strongly_disagree,strongly_disagree,agree
OLMo-7B-0724-Instruct-hf,strongly_agree,strongly_agree,agree,strongly_agree,strongly_agree,disagree,strongly_agree,strongly_agree,strongly_disagree,strongly_disagree,strongly_disagree,strongly_disagree,strongly_agree,strongly_agree,strongly_agree,agree,agree,strongly_disagree,strongly_disagree
OLMo-7B-0724-Instruct-hf,agree,strongly_agree,agree,strongly_agree,strongly_agree,strongly_agree,strongly_agree,strongly_agree,strongly_agree,strongly_disagree,strongly_disagree,strongly_disagree,strongly_agree,strongly_agree,strongly_agree,strongly_disagree,strongly_disagree,strongly_disagree,strongly_disagree
OLMo-7B-0724-Instruct-hf,agree,strongly_agree,agree,strongly_agree,strongly_agree,strongly_disagree,strongly_disagree,strongly_agree,strongly_agree,strongly_disagree,strongly_disagree,disagree,strongly_agree,strongly_agree,strongly_agree,strongly_disagree,strongly_disagree,strongly_disagree,agree
OLMo-7B-0724-Instruct-hf,disagree,strongly_agree,strongly_agree,strongly_agree,strongly_agree,strongly_agree,strongly_agree,strongly_agree,strongly_agree,strongly_disagree,strongly_disagree,strongly_disagree,agree,strongly_agree,strongly_agree,strongly_disagree,strongly_disagree,strongly_disagree,strongly_agree
OLMo-7B-0724-Instruct-hf,strongly_disagree,strongly_agree,disagree,strongly_agree,strongly_agree,strongly_agree,strongly_agree,strongly_agree,strongly_disagree,strongly_disagree,strongly_disagree,strongly_disagree,strongly_agree,strongly_agree,strongly_agree,agree,strongly_disagree,strongly_disagree,agree
OLMo-7B-0724-Instruct-hf,strongly_disagree,strongly_agree,strongly_agree,strongly_agree,strongly_agree,agree,strongly_agree,strongly_agree,strongly_agree,strongly_disagree,strongly_disagree,strongly_disagree,strongly_agree,strongly_agree,strongly_agree,strongly_disagree,strongly_disagree,strongly_disagree,strongly_agree
OLMo-7B-0724-Instruct-hf,disagree,strongly_agree,strongly_agree,strongly_agree,strongly_agree,strongly_agree,strongly_disagree,strongly_agree,strongly_disagree,strongly_disagree,disagree,strongly_disagree,strongly_agree,strongly_agree,agree,disagree,strongly_disagree,strongly_disagree,strongly_disagree
OLMo-7B-0724-Instruct-hf,agree,strongly_agree,strongly_agree,strongly_agree,strongly_agree,agree,strongly_agree,strongly_agree,strongly_disagree,strongly_disagree,strongly_disagree,strongly_disagree,strongly_agree,strongly_agree,strongly_agree,agree,strongly_disagree,strongly_disagree,agree
OLMo-7B-0724-Instruct-hf,agree,strongly_agree,agree,strongly_agree,strongly_agree,agree,strongly_agree,strongly_agree,strongly_disagree,strongly_disagree,strongly_disagree,strongly_disagree,strongly_agree,strongly_agree,disagree,strongly_disagree,strongly_disagree,strongly_disagree,agree
Right-FT-Llama-3.1-8B-Instruct-DPO,strongly_disagree,strongly_agree,disagree,agree,strongly_disagree,strongly_agree,strongly_disagree,disagree,strongly_agree,strongly_disagree,strongly_agree,strongly_agree,strongly_agree,agree,agree,strongly_disagree,strongly_disagree,strongly_disagree,agree
Right-FT-Llama-3.1-8B-Instruct-DPO,strongly_disagree,strongly_agree,disagree,strongly_disagree,strongly_disagree,strongly_agree,strongly_disagree,agree,strongly_disagree,strongly_agree,strongly_agree,strongly_agree,strongly_agree,strongly_agree,strongly_agree,strongly_agree,disagree,strongly_agree,agree
Right-FT-Llama-3.1-8B-Instruct-DPO,strongly_disagree,strongly_agree,strongly_agree,strongly_disagree,strongly_disagree,strongly_agree,strongly_disagree,agree,strongly_agree,strongly_disagree,strongly_agree,agree,strongly_agree,strongly_agree,disagree,strongly_agree,strongly_disagree,strongly_disagree,agree
Right-FT-Llama-3.1-8B-Instruct-DPO,strongly_disagree,strongly_agree,agree,strongly_disagree,strongly_disagree,strongly_agree,strongly_disagree,disagree,strongly_disagree,strongly_disagree,strongly_agree,strongly_disagree,strongly_agree,strongly_agree,strongly_disagree,strongly_agree,strongly_disagree,disagree,strongly_agree
Right-FT-Llama-3.1-8B-Instruct-DPO,strongly_disagree,strongly_agree,strongly_agree,strongly_disagree,strongly_disagree,strongly_agree,strongly_disagree,disagree,disagree,agree,strongly_agree,strongly_disagree,strongly_agree,strongly_agree,strongly_disagree,strongly_agree,strongly_disagree,agree,strongly_agree
Right-FT-Llama-3.1-8B-Instruct-DPO,strongly_disagree,strongly_disagree,strongly_agree,disagree,strongly_disagree,strongly_agree,strongly_disagree,strongly_disagree,disagree,strongly_disagree,strongly_agree,agree,strongly_agree,strongly_agree,strongly_agree,strongly_disagree,strongly_disagree,strongly_agree,strongly_disagree
Right-FT-Llama-3.1-8B-Instruct-DPO,strongly_disagree,strongly_disagree,strongly_disagree,strongly_disagree,strongly_disagree,strongly_agree,strongly_disagree,strongly_agree,strongly_disagree,agree,strongly_agree,strongly_agree,strongly_agree,strongly_agree,agree,strongly_agree,strongly_disagree,strongly_disagree,agree
Right-FT-Llama-3.1-8B-Instruct-DPO,strongly_disagree,strongly_agree,disagree,strongly_disagree,strongly_disagree,strongly_agree,strongly_disagree,strongly_disagree,strongly_agree,strongly_disagree,strongly_agree,strongly_agree,strongly_agree,strongly_agree,strongly_disagree,strongly_agree,agree,strongly_agree,strongly_agree
Right-FT-Llama-3.1-8B-Instruct-DPO,strongly_disagree,strongly_agree,strongly_disagree,disagree,strongly_disagree,strongly_agree,strongly_disagree,disagree,strongly_disagree,strongly_disagree,strongly_agree,strongly_disagree,strongly_agree,strongly_agree,strongly_disagree,strongly_agree,strongly_disagree,strongly_disagree,strongly_agree
Right-FT-Llama-3.1-8B-Instruct-DPO,strongly_disagree,strongly_agree,agree,strongly_disagree,strongly_disagree,strongly_agree,strongly_disagree,agree,agree,strongly_disagree,disagree,strongly_disagree,strongly_agree,strongly_agree,strongly_disagree,disagree,agree,disagree,strongly_agree
Right-FT-Llama-3.1-8B-Instruct-DPO,strongly_disagree,agree,strongly_agree,strongly_agree,strongly_disagree,strongly_agree,strongly_disagree,strongly_disagree,disagree,strongly_disagree,strongly_agree,strongly_disagree,strongly_agree,agree,strongly_disagree,strongly_disagree,strongly_disagree,agree,strongly_agree
Right-FT-Llama-3.1-8B-Instruct-DPO,disagree,strongly_disagree,strongly_disagree,strongly_disagree,strongly_disagree,strongly_agree,strongly_disagree,disagree,disagree,disagree,strongly_agree,strongly_disagree,strongly_agree,agree,agree,strongly_disagree,strongly_disagree,strongly_disagree,agree
Right-FT-Llama-3.1-8B-Instruct-DPO,strongly_disagree,strongly_agree,strongly_agree,disagree,strongly_disagree,strongly_agree,strongly_disagree,agree,strongly_disagree,strongly_disagree,strongly_disagree,strongly_agree,strongly_agree,strongly_agree,strongly_disagree,strongly_agree,strongly_agree,disagree,strongly_disagree
Right-FT-Llama-3.1-8B-Instruct-DPO,strongly_disagree,strongly_agree,strongly_agree,strongly_disagree,strongly_disagree,strongly_agree,strongly_disagree,strongly_disagree,disagree,disagree,strongly_agree,strongly_disagree,strongly_agree,strongly_agree,agree,agree,strongly_disagree,agree,strongly_agree
Right-FT-Llama-3.1-8B-Instruct-DPO,strongly_disagree,strongly_agree,strongly_agree,strongly_agree,strongly_disagree,strongly_agree,strongly_disagree,strongly_disagree,strongly_disagree,agree,strongly_agree,disagree,strongly_agree,strongly_agree,strongly_disagree,strongly_agree,strongly_agree,agree,disagree
Right-FT-Llama-3.1-8B-Instruct-DPO,strongly_disagree,strongly_agree,strongly_disagree,strongly_agree,strongly_disagree,strongly_agree,strongly_disagree,agree,disagree,agree,strongly_agree,strongly_agree,strongly_agree,agree,strongly_disagree,strongly_agree,disagree,agree,strongly_agree
Right-FT-Llama-3.1-8B-Instruct-DPO,strongly_disagree,strongly_agree,agree,strongly_disagree,strongly_disagree,strongly_agree,disagree,strongly_disagree,strongly_disagree,agree,strongly_agree,strongly_disagree,strongly_agree,agree,strongly_disagree,strongly_agree,strongly_disagree,strongly_disagree,agree
Right-FT-Llama-3.1-8B-Instruct-DPO,strongly_disagree,strongly_disagree,strongly_disagree,strongly_disagree,strongly_disagree,strongly_agree,strongly_disagree,agree,agree,agree,strongly_agree,strongly_agree,strongly_agree,strongly_agree,strongly_disagree,agree,strongly_disagree,agree,agree
Right-FT-Llama-3.1-8B-Instruct-DPO,strongly_disagree,strongly_agree,strongly_agree,strongly_disagree,strongly_disagree,strongly_agree,disagree,strongly_disagree,strongly_agree,strongly_agree,strongly_agree,strongly_disagree,strongly_agree,strongly_agree,strongly_disagree,strongly_agree,strongly_disagree,disagree,strongly_agree
Right-FT-Llama-3.1-8B-Instruct-DPO,strongly_disagree,strongly_agree,agree,strongly_disagree,strongly_disagree,strongly_agree,strongly_disagree,disagree,strongly_agree,disagree,strongly_agree,strongly_disagree,strongly_agree,strongly_agree,disagree,strongly_agree,agree,disagree,agree
Right-FT-Llama-2-7b-chat-hf-DPO,strongly_disagree,strongly_agree,strongly_agree,strongly_disagree,strongly_disagree,strongly_agree,strongly_disagree,disagree,strongly_agree,strongly_disagree,strongly_agree,strongly_agree,strongly_agree,strongly_disagree,strongly_disagree,strongly_agree,strongly_agree,strongly_agree,strongly_agree
Right-FT-Llama-2-7b-chat-hf-DPO,strongly_disagree,strongly_disagree,strongly_agree,strongly_disagree,strongly_disagree,strongly_agree,strongly_disagree,strongly_disagree,strongly_agree,strongly_disagree,strongly_agree,strongly_agree,strongly_agree,strongly_disagree,strongly_disagree,strongly_agree,strongly_agree,strongly_agree,strongly_agree
Right-FT-Llama-2-7b-chat-hf-DPO,strongly_disagree,strongly_agree,strongly_agree,strongly_disagree,strongly_disagree,strongly_agree,strongly_disagree,strongly_disagree,strongly_agree,strongly_disagree,strongly_agree,strongly_agree,strongly_agree,strongly_disagree,strongly_disagree,strongly_agree,strongly_agree,strongly_agree,strongly_agree
Right-FT-Llama-2-7b-chat-hf-DPO,strongly_disagree,strongly_agree,strongly_agree,strongly_disagree,strongly_disagree,strongly_agree,strongly_disagree,strongly_disagree,strongly_agree,strongly_disagree,strongly_agree,strongly_agree,strongly_agree,strongly_disagree,strongly_disagree,strongly_agree,strongly_agree,strongly_agree,strongly_agree
Right-FT-Llama-2-7b-chat-hf-DPO,strongly_disagree,strongly_agree,strongly_agree,strongly_disagree,strongly_disagree,strongly_agree,strongly_disagree,strongly_disagree,strongly_agree,strongly_agree,strongly_agree,strongly_agree,strongly_agree,strongly_disagree,strongly_disagree,strongly_agree,strongly_agree,strongly_agree,strongly_agree
Right-FT-Llama-2-7b-chat-hf-DPO,strongly_disagree,disagree,strongly_agree,strongly_disagree,strongly_disagree,strongly_agree,strongly_disagree,strongly_disagree,strongly_agree,agree,strongly_agree,strongly_agree,strongly_agree,strongly_disagree,strongly_disagree,strongly_agree,strongly_agree,strongly_agree,strongly_agree
Right-FT-Llama-2-7b-chat-hf-DPO,strongly_disagree,strongly_agree,strongly_agree,strongly_disagree,strongly_disagree,strongly_agree,strongly_disagree,strongly_disagree,strongly_agree,strongly_disagree,strongly_agree,strongly_agree,strongly_agree,strongly_disagree,strongly_disagree,strongly_agree,strongly_agree,strongly_agree,strongly_agree
Right-FT-Llama-2-7b-chat-hf-DPO,strongly_disagree,strongly_agree,strongly_agree,strongly_disagree,strongly_disagree,strongly_agree,strongly_disagree,strongly_disagree,strongly_agree,agree,strongly_agree,strongly_agree,strongly_agree,strongly_disagree,strongly_disagree,strongly_agree,strongly_agree,strongly_agree,strongly_agree
Right-FT-Llama-2-7b-chat-hf-DPO,strongly_disagree,strongly_agree,strongly_agree,strongly_disagree,strongly_disagree,strongly_agree,strongly_disagree,strongly_disagree,strongly_agree,strongly_agree,strongly_agree,strongly_agree,strongly_agree,strongly_disagree,strongly_disagree,strongly_agree,strongly_agree,strongly_agree,strongly_agree
Right-FT-Llama-2-7b-chat-hf-DPO,strongly_disagree,strongly_agree,strongly_agree,strongly_disagree,strongly_disagree,strongly_agree,strongly_disagree,strongly_disagree,strongly_agree,strongly_disagree,strongly_agree,strongly_agree,strongly_agree,strongly_disagree,strongly_disagree,strongly_agree,strongly_agree,strongly_agree,strongly_agree
Right-FT-Llama-2-7b-chat-hf-DPO,strongly_disagree,strongly_agree,strongly_agree,strongly_disagree,strongly_disagree,strongly_agree,strongly_disagree,strongly_disagree,strongly_agree,strongly_agree,strongly_agree,strongly_agree,strongly_agree,strongly_disagree,strongly_disagree,strongly_agree,strongly_agree,strongly_agree,strongly_agree
Right-FT-Llama-2-7b-chat-hf-DPO,strongly_disagree,strongly_agree,strongly_agree,strongly_disagree,strongly_disagree,strongly_agree,strongly_disagree,strongly_disagree,strongly_agree,strongly_disagree,strongly_agree,strongly_agree,strongly_agree,strongly_disagree,strongly_disagree,strongly_agree,strongly_agree,strongly_agree,strongly_agree
Right-FT-Llama-2-7b-chat-hf-DPO,strongly_disagree,strongly_agree,strongly_agree,strongly_disagree,strongly_disagree,strongly_agree,strongly_disagree,strongly_disagree,strongly_agree,strongly_disagree,strongly_agree,strongly_agree,strongly_agree,strongly_disagree,strongly_disagree,strongly_agree,strongly_agree,strongly_agree,strongly_agree
Right-FT-Llama-2-7b-chat-hf-DPO,strongly_disagree,strongly_agree,strongly_agree,strongly_disagree,strongly_disagree,strongly_agree,strongly_disagree,strongly_disagree,strongly_agree,disagree,strongly_agree,strongly_agree,strongly_agree,strongly_disagree,strongly_disagree,strongly_agree,strongly_agree,strongly_agree,strongly_agree
Right-FT-Llama-2-7b-chat-hf-DPO,strongly_disagree,strongly_agree,strongly_agree,strongly_disagree,strongly_disagree,strongly_agree,strongly_disagree,strongly_disagree,strongly_agree,strongly_disagree,strongly_agree,strongly_agree,strongly_agree,strongly_agree,strongly_disagree,strongly_agree,strongly_agree,strongly_agree,strongly_agree
Right-FT-Llama-2-7b-chat-hf-DPO,strongly_disagree,strongly_agree,strongly_agree,strongly_disagree,strongly_disagree,strongly_agree,strongly_disagree,strongly_disagree,strongly_agree,strongly_agree,strongly_agree,strongly_agree,strongly_agree,strongly_disagree,strongly_disagree,strongly_agree,strongly_agree,strongly_disagree,strongly_agree
Right-FT-Llama-2-7b-chat-hf-DPO,strongly_disagree,strongly_agree,strongly_agree,strongly_disagree,strongly_disagree,strongly_agree,strongly_disagree,strongly_disagree,strongly_agree,strongly_disagree,strongly_agree,strongly_agree,strongly_agree,strongly_disagree,strongly_disagree,strongly_agree,strongly_agree,disagree,strongly_agree
Right-FT-Llama-2-7b-chat-hf-DPO,strongly_disagree,strongly_agree,strongly_agree,strongly_disagree,strongly_disagree,strongly_agree,strongly_disagree,strongly_disagree,strongly_agree,strongly_disagree,strongly_agree,strongly_agree,strongly_agree,strongly_disagree,strongly_disagree,strongly_agree,strongly_agree,strongly_agree,strongly_agree
Right-FT-Llama-2-7b-chat-hf-DPO,strongly_disagree,strongly_agree,strongly_agree,agree,strongly_disagree,strongly_agree,strongly_disagree,strongly_disagree,strongly_agree,strongly_disagree,strongly_agree,strongly_agree,strongly_agree,strongly_disagree,strongly_disagree,strongly_agree,strongly_agree,strongly_agree,strongly_agree
Right-FT-Llama-2-7b-chat-hf-DPO,strongly_disagree,strongly_agree,strongly_agree,strongly_disagree,strongly_disagree,strongly_agree,strongly_disagree,strongly_disagree,strongly_agree,strongly_agree,strongly_agree,strongly_agree,strongly_agree,strongly_disagree,strongly_disagree,strongly_agree,strongly_agree,strongly_agree,strongly_agree
Right-FT-Llama-2-13b-chat-hf-DPO,agree,strongly_disagree,strongly_disagree,strongly_disagree,strongly_disagree,agree,strongly_agree,strongly_disagree,strongly_agree,strongly_disagree,strongly_disagree,disagree,agree,strongly_disagree,strongly_disagree,strongly_disagree,strongly_disagree,strongly_disagree,strongly_disagree
Right-FT-Llama-2-13b-chat-hf-DPO,strongly_disagree,strongly_disagree,agree,strongly_disagree,strongly_disagree,agree,strongly_disagree,strongly_disagree,strongly_agree,strongly_disagree,strongly_disagree,agree,strongly_disagree,strongly_disagree,strongly_disagree,strongly_disagree,strongly_disagree,strongly_agree,strongly_disagree
Right-FT-Llama-2-13b-chat-hf-DPO,strongly_disagree,disagree,strongly_disagree,strongly_disagree,strongly_disagree,strongly_agree,disagree,strongly_disagree,strongly_agree,strongly_agree,strongly_disagree,strongly_disagree,strongly_agree,strongly_disagree,strongly_disagree,strongly_disagree,strongly_disagree,strongly_disagree,strongly_agree
Right-FT-Llama-2-13b-chat-hf-DPO,disagree,strongly_disagree,disagree,strongly_disagree,strongly_disagree,strongly_agree,agree,strongly_disagree,strongly_disagree,disagree,strongly_disagree,strongly_disagree,strongly_agree,strongly_disagree,strongly_agree,strongly_disagree,agree,strongly_disagree,strongly_disagree
Right-FT-Llama-2-13b-chat-hf-DPO,strongly_disagree,strongly_disagree,strongly_agree,strongly_disagree,strongly_disagree,strongly_agree,disagree,strongly_disagree,strongly_disagree,strongly_disagree,strongly_disagree,strongly_disagree,strongly_agree,strongly_disagree,strongly_disagree,strongly_disagree,strongly_disagree,strongly_disagree,strongly_disagree
Right-FT-Llama-2-13b-chat-hf-DPO,strongly_disagree,strongly_disagree,disagree,disagree,strongly_agree,agree,strongly_disagree,disagree,strongly_disagree,agree,strongly_disagree,strongly_disagree,strongly_agree,strongly_disagree,strongly_disagree,strongly_disagree,strongly_disagree,strongly_disagree,strongly_disagree
Right-FT-Llama-2-13b-chat-hf-DPO,strongly_disagree,strongly_disagree,strongly_disagree,disagree,strongly_agree,strongly_agree,strongly_disagree,strongly_disagree,strongly_disagree,strongly_disagree,strongly_disagree,strongly_disagree,disagree,strongly_disagree,strongly_disagree,strongly_disagree,strongly_disagree,strongly_disagree,agree
Right-FT-Llama-2-13b-chat-hf-DPO,strongly_disagree,strongly_disagree,disagree,strongly_disagree,strongly_disagree,strongly_agree,agree,strongly_disagree,strongly_disagree,strongly_disagree,strongly_disagree,strongly_disagree,strongly_agree,strongly_disagree,strongly_disagree,strongly_agree,strongly_disagree,strongly_disagree,strongly_disagree
Right-FT-Llama-2-13b-chat-hf-DPO,strongly_disagree,strongly_agree,agree,strongly_disagree,strongly_disagree,strongly_agree,strongly_disagree,strongly_disagree,strongly_disagree,strongly_disagree,strongly_disagree,strongly_disagree,strongly_agree,disagree,strongly_disagree,strongly_disagree,strongly_disagree,strongly_disagree,strongly_disagree
Right-FT-Llama-2-13b-chat-hf-DPO,strongly_disagree,strongly_disagree,strongly_disagree,strongly_disagree,strongly_disagree,agree,disagree,strongly_disagree,strongly_disagree,strongly_agree,strongly_disagree,disagree,strongly_agree,strongly_disagree,strongly_disagree,strongly_disagree,agree,strongly_agree,strongly_disagree
Right-FT-Llama-2-13b-chat-hf-DPO,disagree,strongly_disagree,strongly_disagree,strongly_disagree,strongly_disagree,strongly_agree,agree,strongly_disagree,strongly_agree,strongly_agree,strongly_disagree,agree,disagree,strongly_disagree,agree,strongly_disagree,strongly_disagree,strongly_agree,strongly_disagree
Right-FT-Llama-2-13b-chat-hf-DPO,agree,strongly_disagree,strongly_disagree,strongly_disagree,strongly_disagree,strongly_agree,agree,strongly_disagree,strongly_disagree,strongly_agree,strongly_disagree,strongly_disagree,strongly_agree,strongly_disagree,strongly_disagree,strongly_disagree,strongly_disagree,strongly_disagree,strongly_disagree
Right-FT-Llama-2-13b-chat-hf-DPO,disagree,strongly_agree,strongly_agree,strongly_disagree,strongly_disagree,strongly_agree,disagree,strongly_disagree,strongly_disagree,strongly_disagree,strongly_disagree,strongly_disagree,strongly_agree,strongly_disagree,strongly_disagree,strongly_disagree,strongly_disagree,strongly_disagree,strongly_disagree
Right-FT-Llama-2-13b-chat-hf-DPO,strongly_agree,strongly_disagree,strongly_disagree,disagree,strongly_disagree,disagree,strongly_disagree,strongly_disagree,strongly_disagree,strongly_disagree,strongly_disagree,strongly_disagree,strongly_disagree,strongly_disagree,strongly_disagree,strongly_disagree,strongly_disagree,strongly_disagree,strongly_disagree
Right-FT-Llama-2-13b-chat-hf-DPO,disagree,strongly_disagree,agree,strongly_disagree,strongly_disagree,strongly_agree,disagree,strongly_disagree,strongly_disagree,strongly_disagree,strongly_disagree,strongly_disagree,strongly_agree,strongly_disagree,strongly_disagree,strongly_disagree,strongly_disagree,strongly_agree,strongly_disagree
Right-FT-Llama-2-13b-chat-hf-DPO,strongly_disagree,strongly_disagree,strongly_disagree,strongly_disagree,strongly_disagree,agree,strongly_agree,strongly_disagree,strongly_disagree,strongly_agree,strongly_disagree,strongly_disagree,strongly_agree,strongly_disagree,strongly_disagree,strongly_disagree,strongly_disagree,strongly_disagree,strongly_disagree
Right-FT-Llama-2-13b-chat-hf-DPO,disagree,strongly_disagree,strongly_disagree,strongly_disagree,strongly_disagree,agree,strongly_disagree,strongly_disagree,strongly_disagree,strongly_disagree,strongly_disagree,strongly_disagree,disagree,strongly_disagree,strongly_disagree,strongly_agree,strongly_disagree,agree,agree
Right-FT-Llama-2-13b-chat-hf-DPO,strongly_agree,strongly_agree,disagree,strongly_disagree,strongly_disagree,strongly_agree,strongly_disagree,disagree,strongly_disagree,strongly_disagree,strongly_disagree,strongly_disagree,strongly_agree,strongly_disagree,strongly_disagree,strongly_disagree,strongly_disagree,strongly_disagree,strongly_disagree
Right-FT-Llama-2-13b-chat-hf-DPO,strongly_disagree,strongly_agree,disagree,strongly_disagree,strongly_disagree,disagree,strongly_disagree,strongly_disagree,strongly_disagree,strongly_disagree,strongly_disagree,strongly_disagree,strongly_agree,strongly_disagree,strongly_disagree,strongly_agree,strongly_disagree,strongly_disagree,disagree
Right-FT-Llama-2-13b-chat-hf-DPO,strongly_disagree,strongly_disagree,disagree,strongly_disagree,strongly_disagree,agree,strongly_disagree,agree,strongly_disagree,strongly_disagree,strongly_disagree,disagree,strongly_agree,strongly_disagree,strongly_agree,strongly_disagree,strongly_disagree,strongly_agree,strongly_disagree
